{"loss": [3196.445068359375, 354.7530822753906, 73.3849868774414, 48.54856491088867, 25.547054290771484, 24.51117706298828, 21.789234161376953, 19.572181701660156, 19.629343032836914, 23.309188842773438, 18.952333450317383, 18.182912826538086, 17.144506454467773, 16.333829879760742, 17.628202438354492, 17.218748092651367, 18.183515548706055, 15.693021774291992, 15.566835403442383, 15.646430969238281, 14.865044593811035, 14.354425430297852, 17.779462814331055, 16.622644424438477, 15.815576553344727, 17.259992599487305, 16.158615112304688, 18.46108055114746, 14.193974494934082, 14.907975196838379, 14.995923042297363, 13.436820983886719, 13.05811882019043, 12.719027519226074, 12.018836975097656, 12.057117462158203, 11.364907264709473, 11.368753433227539, 11.588293075561523, 11.170726776123047, 10.625226020812988, 11.476726531982422, 10.473401069641113, 9.688972473144531, 9.51320743560791, 9.381616592407227, 9.125495910644531, 9.050390243530273, 8.980053901672363, 8.981253623962402, 8.94480037689209, 8.927846908569336, 8.922093391418457, 8.883414268493652, 8.88718032836914, 8.890864372253418, 8.844213485717773, 8.872926712036133, 8.83784008026123, 8.850167274475098, 8.859868049621582, 8.828439712524414, 8.815863609313965, 8.842231750488281, 8.810806274414062, 8.827242851257324, 8.809525489807129, 8.84267807006836, 8.827258110046387, 8.804878234863281, 8.78620433807373, 8.806923866271973, 8.801338195800781, 8.79667854309082, 8.813826560974121, 8.799206733703613, 8.795530319213867, 8.795894622802734, 8.793543815612793, 8.805102348327637, 8.792329788208008], "reconstruction_loss": [3131.81005859375, 17.26775360107422, 47.06776428222656, 11.244260787963867, 13.411581039428711, 12.375563621520996, 11.299911499023438, 11.176658630371094, 11.588403701782227, 13.345758438110352, 11.588569641113281, 11.397997856140137, 11.245905876159668, 10.760172843933105, 12.242836952209473, 11.017239570617676, 12.782316207885742, 11.232291221618652, 10.96288776397705, 11.095358848571777, 10.933284759521484, 10.570701599121094, 12.578263282775879, 12.237312316894531, 10.790047645568848, 12.171810150146484, 12.771947860717773, 11.533005714416504, 11.251823425292969, 11.36033821105957, 10.758598327636719, 10.925531387329102, 10.114819526672363, 10.51929759979248, 9.996944427490234, 10.359065055847168, 9.800153732299805, 10.279488563537598, 10.068710327148438, 10.055974960327148, 9.702376365661621, 10.406194686889648, 9.425331115722656, 9.214666366577148, 9.237242698669434, 9.183704376220703, 8.977730751037598, 8.938009262084961, 8.893196105957031, 8.910604476928711, 8.885329246520996, 8.876986503601074, 8.877233505249023, 8.843135833740234, 8.85079288482666, 8.857510566711426, 8.813152313232422, 8.843681335449219, 8.810087203979492, 8.823885917663574, 8.83482837677002, 8.804495811462402, 8.792957305908203, 8.820183753967285, 8.78938102722168, 8.806390762329102, 8.78926944732666, 8.823017120361328, 8.808168411254883, 8.786299705505371, 8.768096923828125, 8.789268493652344, 8.784088134765625, 8.779830932617188, 8.797362327575684, 8.783133506774902, 8.779887199401855, 8.780557632446289, 8.778507232666016, 8.790382385253906, 8.777899742126465], "kl_loss": [64.63507080078125, 337.4853210449219, 26.31723403930664, 37.30431365966797, 12.135475158691406, 12.135612487792969, 10.489320755004883, 8.395523071289062, 8.040937423706055, 9.96342945098877, 7.36376428604126, 6.78491735458374, 5.8986005783081055, 5.573654651641846, 5.385365009307861, 6.201509952545166, 5.4011969566345215, 4.460732460021973, 4.603946208953857, 4.551072597503662, 3.931760787963867, 3.7837250232696533, 5.201198577880859, 4.385332107543945, 5.025528907775879, 5.088181972503662, 3.386667490005493, 6.928073883056641, 2.942150354385376, 3.547637701034546, 4.237327575683594, 2.5112905502319336, 2.9432969093322754, 2.1997299194335938, 2.021892547607422, 1.698053002357483, 1.5647549629211426, 1.0892635583877563, 1.5195826292037964, 1.1147527694702148, 0.922849178314209, 1.0705317258834839, 1.048068642616272, 0.4743066728115082, 0.27596592903137207, 0.19791197776794434, 0.14776508510112762, 0.1123802438378334, 0.0868578627705574, 0.07064908742904663, 0.05947180464863777, 0.05086015537381172, 0.04486043006181717, 0.040279537439346313, 0.036387793719768524, 0.03335297480225563, 0.031060365960001945, 0.029244141653180122, 0.02775217592716217, 0.026282494887709618, 0.02503972128033638, 0.023944303393363953, 0.02290535718202591, 0.022048261016607285, 0.021425047889351845, 0.020850984379649162, 0.020255621522665024, 0.019661443307995796, 0.019089380279183388, 0.018578678369522095, 0.01810752972960472, 0.017656181007623672, 0.01725144311785698, 0.016847029328346252, 0.016464635729789734, 0.016074001789093018, 0.015642240643501282, 0.015336547046899796, 0.015036177821457386, 0.014719968661665916, 0.01443020161241293]}