{"loss": [3529.376220703125, 952.6884155273438, 109.58389282226562, 37.96138000488281, 25.339794158935547, 20.21885108947754, 16.647132873535156, 15.198246002197266, 14.932506561279297, 13.621505737304688, 13.833521842956543, 12.031120300292969, 12.128375053405762, 11.560080528259277, 10.919520378112793, 10.598294258117676, 10.3475341796875, 10.308724403381348, 10.105842590332031, 9.854814529418945, 9.720410346984863, 9.641201972961426, 9.560168266296387, 9.400787353515625, 9.406149864196777, 9.453587532043457, 9.368268013000488, 9.32762336730957, 9.171786308288574, 9.232109069824219, 9.146163940429688, 9.144681930541992, 9.10326099395752, 9.041471481323242, 9.074702262878418, 9.040519714355469, 9.037018775939941, 9.02480411529541, 8.97059440612793, 8.971445083618164, 8.957132339477539, 8.930014610290527, 8.921504974365234, 8.890266418457031, 8.899264335632324, 8.881523132324219, 8.899444580078125, 8.875041961669922, 8.857592582702637, 8.852314949035645, 8.825486183166504, 8.822090148925781, 8.836357116699219, 8.805947303771973, 8.828497886657715, 8.833932876586914, 8.819870948791504, 8.804292678833008, 8.788108825683594, 8.807350158691406, 8.781244277954102, 8.766772270202637, 8.7861909866333, 8.778761863708496, 8.762378692626953, 8.777546882629395, 8.75938892364502, 8.761343002319336, 8.781310081481934, 8.77645492553711, 8.755105018615723, 8.759757041931152, 8.745609283447266, 8.75046443939209, 8.744385719299316, 8.750197410583496, 8.757011413574219, 8.769603729248047, 8.733518600463867, 8.764583587646484, 8.757964134216309, 8.7568359375, 8.733314514160156, 8.73918628692627, 8.73755168914795, 8.730049133300781, 8.736749649047852, 8.734061241149902, 8.730939865112305, 8.72497844696045, 8.752204895019531, 8.738138198852539, 8.740326881408691, 8.72862434387207, 8.729894638061523, 8.72525405883789, 8.728861808776855, 8.721113204956055, 8.719653129577637, 8.729708671569824, 8.732994079589844, 8.722211837768555, 8.722208976745605, 8.729727745056152, 8.733061790466309, 8.722892761230469, 8.724738121032715, 8.732876777648926, 8.721328735351562], "reconstruction_loss": [3369.21923828125, 664.3174438476562, 67.840087890625, 23.482650756835938, 17.385540008544922, 14.882479667663574, 12.541600227355957, 11.889030456542969, 12.205349922180176, 11.368990898132324, 11.94003963470459, 10.422470092773438, 10.785550117492676, 10.37579345703125, 9.904868125915527, 9.764151573181152, 9.648297309875488, 9.721972465515137, 9.602721214294434, 9.410062789916992, 9.324507713317871, 9.284780502319336, 9.240891456604004, 9.114277839660645, 9.146347045898438, 9.216876029968262, 9.15322494506836, 9.131507873535156, 8.993690490722656, 9.070123672485352, 8.99783992767334, 9.009393692016602, 8.979545593261719, 8.927769660949707, 8.970357894897461, 8.94487476348877, 8.949186325073242, 8.943897247314453, 8.896295547485352, 8.902658462524414, 8.893446922302246, 8.870963096618652, 8.86662769317627, 8.839253425598145, 8.851726531982422, 8.837333679199219, 8.858407974243164, 8.836934089660645, 8.822099685668945, 8.819124221801758, 8.79433822631836, 8.792724609375, 8.808638572692871, 8.779778480529785, 8.803707122802734, 8.810538291931152, 8.79773998260498, 8.783327102661133, 8.768159866333008, 8.788370132446289, 8.763212203979492, 8.749568939208984, 8.769756317138672, 8.763087272644043, 8.747428894042969, 8.763267517089844, 8.745758056640625, 8.748290061950684, 8.768796920776367, 8.764513969421387, 8.743697166442871, 8.748819351196289, 8.735093116760254, 8.740357398986816, 8.734678268432617, 8.740853309631348, 8.748013496398926, 8.760965347290039, 8.72521686553955, 8.756585121154785, 8.750292778015137, 8.749476432800293, 8.726240158081055, 8.732370376586914, 8.730976104736328, 8.723699569702148, 8.730619430541992, 8.728148460388184, 8.725234031677246, 8.719461441040039, 8.746874809265137, 8.733014106750488, 8.735392570495605, 8.72386360168457, 8.725273132324219, 8.720763206481934, 8.724496841430664, 8.716878890991211, 8.715533256530762, 8.725699424743652, 8.729098320007324, 8.718433380126953, 8.718534469604492, 8.72615909576416, 8.729599952697754, 8.719535827636719, 8.721484184265137, 8.729730606079102, 8.71828556060791], "kl_loss": [160.15701293945312, 288.3710632324219, 41.74380111694336, 14.47872543334961, 7.954253196716309, 5.33636999130249, 4.105531692504883, 3.3092126846313477, 2.7271556854248047, 2.252516746520996, 1.8934824466705322, 1.6086513996124268, 1.3428244590759277, 1.1842870712280273, 1.0146538019180298, 0.8341447114944458, 0.6992360353469849, 0.5867530107498169, 0.503122091293335, 0.44475215673446655, 0.39590173959732056, 0.356421560049057, 0.319275826215744, 0.2865094840526581, 0.25980132818222046, 0.236710324883461, 0.21504272520542145, 0.19611549377441406, 0.17809559404850006, 0.1619839370250702, 0.1483248472213745, 0.13528971374034882, 0.123715341091156, 0.11370231211185455, 0.104347363114357, 0.09564387798309326, 0.08783120661973953, 0.08090858161449432, 0.07429952919483185, 0.06878691911697388, 0.06368722766637802, 0.05905238166451454, 0.05487806349992752, 0.051013413816690445, 0.047537509351968765, 0.04418949782848358, 0.04103795439004898, 0.03810857981443405, 0.03549303486943245, 0.03319155052304268, 0.031147174537181854, 0.029365740716457367, 0.027718929573893547, 0.026168158277869225, 0.024789461866021156, 0.02339470572769642, 0.02213023602962494, 0.02096528559923172, 0.019948629662394524, 0.0189807191491127, 0.01803247630596161, 0.017202552407979965, 0.016435185447335243, 0.01567251980304718, 0.01494983583688736, 0.01427939161658287, 0.013631047680974007, 0.013053929433226585, 0.012514365836977959, 0.011940255761146545, 0.011409454047679901, 0.010937120765447617, 0.010516038164496422, 0.010106108151376247, 0.009707571938633919, 0.009342442266643047, 0.008997592143714428, 0.008637809194624424, 0.00830180011689663, 0.007999862544238567, 0.00767205934971571, 0.007358994334936142, 0.0070737083442509174, 0.006815764587372541, 0.00657488452270627, 0.006349257193505764, 0.00613052025437355, 0.005911882966756821, 0.0057058618403971195, 0.005516985431313515, 0.005329768639057875, 0.0051241484470665455, 0.004932255018502474, 0.004761639982461929, 0.004618911072611809, 0.004489579703658819, 0.0043646483682096004, 0.0042355856858193874, 0.004119844175875187, 0.004008699208498001, 0.0038952946197241545, 0.0037798697594553232, 0.003675127401947975, 0.0035678406711667776, 0.0034614575561136007, 0.0033560777083039284, 0.0032537090592086315, 0.0031464151106774807, 0.0030436189845204353]}