{"loss": [3082.305908203125, 276.79888916015625, 46.706600189208984, 29.057573318481445, 23.20123291015625, 26.96796226501465, 22.429061889648438, 19.564645767211914, 18.591773986816406, 18.281551361083984, 17.946321487426758, 26.58189582824707, 19.61852264404297, 16.852516174316406, 18.122695922851562, 18.20404624938965, 17.639162063598633, 16.541946411132812, 14.343451499938965, 17.663986206054688, 14.918556213378906, 14.554506301879883, 13.102191925048828, 13.973673820495605, 13.346095085144043, 13.280258178710938, 12.335299491882324, 13.143745422363281, 12.383943557739258, 11.551859855651855, 11.864540100097656, 11.455094337463379, 11.318804740905762, 10.561402320861816, 10.534582138061523, 10.184730529785156, 9.855815887451172, 9.509716033935547, 9.365399360656738, 9.271166801452637, 9.082568168640137, 9.04786491394043, 8.987998008728027, 8.937420845031738, 8.918983459472656, 8.952218055725098, 8.863631248474121, 8.850005149841309, 8.830946922302246, 8.837206840515137, 8.821004867553711, 8.802396774291992, 8.798995018005371, 8.799117088317871, 8.801278114318848, 8.786227226257324, 8.774362564086914, 8.780014038085938, 8.788989067077637, 8.786148071289062, 8.789976119995117, 8.779529571533203, 8.77954387664795, 8.781352996826172, 8.768674850463867, 8.773792266845703, 8.7622709274292, 8.774826049804688, 8.774218559265137, 8.797670364379883, 8.750974655151367, 8.744006156921387, 8.74789047241211, 8.753082275390625, 8.754454612731934, 8.763115882873535, 8.752052307128906, 8.772435188293457, 8.73741626739502, 8.7588472366333, 8.753042221069336, 8.750435829162598, 8.761857032775879, 8.740265846252441, 8.750065803527832, 8.742528915405273, 8.742969512939453, 8.744231224060059, 8.734118461608887, 8.737445831298828, 8.743185043334961, 8.755805015563965, 8.739877700805664, 8.737748146057129, 8.728800773620605, 8.730088233947754, 8.728469848632812, 8.73534870147705, 8.742912292480469, 8.739768981933594, 8.73089599609375, 8.74388599395752, 8.735909461975098, 8.730244636535645, 8.722538948059082, 8.73036003112793, 8.734587669372559, 8.752965927124023, 8.736842155456543, 8.734247207641602, 8.730822563171387, 8.735808372497559, 8.724271774291992, 8.722701072692871, 8.735544204711914], "reconstruction_loss": [2865.024658203125, 131.43617248535156, 19.775529861450195, 13.90792465209961, 14.525957107543945, 15.191670417785645, 13.387136459350586, 12.65256404876709, 12.120013236999512, 12.100954055786133, 12.300568580627441, 15.514894485473633, 12.929725646972656, 11.281012535095215, 13.255280494689941, 10.985633850097656, 13.5120267868042, 10.69633674621582, 11.516711235046387, 12.173194885253906, 11.103961944580078, 11.313539505004883, 10.079524993896484, 11.451216697692871, 11.006206512451172, 10.48377513885498, 10.38586139678955, 11.065194129943848, 10.062907218933105, 10.187841415405273, 10.552298545837402, 9.908334732055664, 10.086015701293945, 9.43487548828125, 9.811397552490234, 9.576971054077148, 9.41217041015625, 9.179097175598145, 9.126718521118164, 9.091885566711426, 8.943653106689453, 8.943357467651367, 8.907471656799316, 8.873186111450195, 8.867098808288574, 8.909710884094238, 8.828666687011719, 8.8199462890625, 8.804241180419922, 8.813021659851074, 8.798319816589355, 8.785635948181152, 8.787670135498047, 8.790231704711914, 8.794051170349121, 8.779850006103516, 8.769214630126953, 8.774404525756836, 8.784732818603516, 8.782427787780762, 8.786211013793945, 8.776005744934082, 8.776150703430176, 8.77791690826416, 8.765466690063477, 8.770599365234375, 8.759139060974121, 8.771928787231445, 8.771268844604492, 8.794766426086426, 8.747984886169434, 8.741318702697754, 8.745244979858398, 8.750839233398438, 8.752046585083008, 8.76030158996582, 8.750162124633789, 8.770365715026855, 8.735245704650879, 8.757057189941406, 8.751275062561035, 8.748710632324219, 8.75977897644043, 8.738539695739746, 8.748529434204102, 8.740732192993164, 8.741371154785156, 8.742618560791016, 8.732723236083984, 8.736144065856934, 8.741820335388184, 8.754263877868652, 8.738594055175781, 8.736237525939941, 8.72716236114502, 8.729069709777832, 8.727483749389648, 8.734397888183594, 8.741575241088867, 8.738785743713379, 8.729693412780762, 8.742449760437012, 8.734631538391113, 8.728983879089355, 8.721627235412598, 8.729557037353516, 8.733821868896484, 8.751884460449219, 8.735451698303223, 8.733449935913086, 8.729750633239746, 8.734940528869629, 8.723502159118652, 8.721590995788574, 8.73483657836914], "kl_loss": [217.2814178466797, 145.3626708984375, 26.931068420410156, 15.149649620056152, 8.675275802612305, 11.776288986206055, 9.041925430297852, 6.912081718444824, 6.471758842468262, 6.180598735809326, 5.645754814147949, 11.067002296447754, 6.688796043395996, 5.571504592895508, 4.867414474487305, 7.218413352966309, 4.127135753631592, 5.845609188079834, 2.8267388343811035, 5.4907941818237305, 3.8145949840545654, 3.2409656047821045, 3.0226657390594482, 2.522456407546997, 2.3398895263671875, 2.796482801437378, 1.949438452720642, 2.0785484313964844, 2.321035146713257, 1.3640193939208984, 1.3122403621673584, 1.5467575788497925, 1.2327899932861328, 1.1265276670455933, 0.723183274269104, 0.6077592372894287, 0.4436449110507965, 0.330619752407074, 0.23868201673030853, 0.17928095161914825, 0.1389142870903015, 0.10450652241706848, 0.08052563667297363, 0.06423544883728027, 0.05188446119427681, 0.04250778257846832, 0.03496478497982025, 0.030057072639465332, 0.026705551892518997, 0.024184979498386383, 0.022684931755065918, 0.016761373728513718, 0.011325212195515633, 0.008886697702109814, 0.007228040602058172, 0.006377170328050852, 0.005147919990122318, 0.005609224550426006, 0.0042560044676065445, 0.00371945695951581, 0.0037659560330212116, 0.0035230200737714767, 0.0033917648252099752, 0.003435998223721981, 0.003207326866686344, 0.003193693235516548, 0.00313181197270751, 0.002897827187553048, 0.0029500911477953196, 0.0029031923040747643, 0.00299059203825891, 0.002687381813302636, 0.002646723994985223, 0.0022439060267060995, 0.0024063624441623688, 0.0028149853460490704, 0.0018885870231315494, 0.002069148700684309, 0.0021709860302507877, 0.0017897418001666665, 0.0017661330057308078, 0.001724944799207151, 0.0020782072097063065, 0.0017264336347579956, 0.0015354081988334656, 0.0017965157749131322, 0.0015986135695129633, 0.0016140404623001814, 0.0013946336694061756, 0.001301170326769352, 0.0013637170195579529, 0.0015414295485243201, 0.001283937832340598, 0.0015118884621188045, 0.0016395157435908914, 0.0010179153177887201, 0.0009859325364232063, 0.0009502616012468934, 0.0013368007494136691, 0.000982677680440247, 0.0012014354579150677, 0.0014356763567775488, 0.0012775998329743743, 0.0012606939999386668, 0.000910203205421567, 0.0008027177536860108, 0.0007662646821700037, 0.0010801355820149183, 0.0013918823096901178, 0.000797696819063276, 0.0010717910481616855, 0.0008696228615008295, 0.0007695311214774847, 0.0011114167282357812, 0.0007085002143867314]}