{"loss": [1511.9959716796875, 30.023963928222656, 26.557559967041016, 50.15932083129883, 36.41557312011719, 21.605087280273438, 44.65282440185547, 43.38886260986328, 20.61288070678711, 21.28832244873047, 16.989377975463867, 17.48271942138672, 15.222692489624023, 15.22313117980957, 13.767121315002441, 15.85395622253418, 17.50770378112793, 14.586226463317871, 13.028047561645508, 13.354134559631348, 12.133146286010742, 13.18784236907959, 11.80496597290039, 11.24950122833252, 10.26505184173584, 10.427087783813477, 9.759566307067871, 9.753096580505371, 9.466615676879883, 9.318526268005371, 9.322999954223633, 9.167116165161133, 9.100211143493652, 9.081409454345703, 9.061678886413574, 9.022505760192871, 8.990370750427246, 8.997398376464844, 8.98310661315918, 8.971636772155762, 8.94717025756836, 8.941859245300293, 8.90682601928711, 8.891368865966797, 8.887674331665039, 8.900012969970703, 8.897539138793945, 8.892292976379395, 8.898815155029297, 8.874150276184082, 8.890995979309082, 8.869457244873047, 8.849442481994629, 8.847862243652344, 8.840516090393066, 8.851388931274414, 8.850981712341309, 8.826142311096191, 8.82524299621582, 8.828288078308105, 8.83789348602295, 8.820199012756348, 8.81857681274414, 8.831585884094238, 8.81968879699707, 8.80935001373291, 8.812959671020508, 8.807482719421387, 8.832107543945312, 8.818414688110352, 8.804903030395508, 8.802306175231934, 8.79641056060791, 8.807625770568848, 8.807831764221191, 8.798622131347656, 8.802992820739746, 8.806902885437012, 8.80781078338623, 8.800850868225098, 8.804234504699707, 8.797157287597656, 8.79325008392334, 8.797914505004883, 8.797089576721191, 8.788655281066895, 8.790780067443848, 8.792266845703125, 8.782028198242188, 8.787141799926758, 8.781293869018555, 8.780553817749023, 8.782610893249512, 8.76668643951416, 8.764317512512207, 8.789328575134277, 8.784675598144531, 8.760451316833496, 8.778746604919434, 8.767570495605469, 8.773478507995605, 8.775053024291992, 8.764105796813965, 8.772562980651855, 8.771781921386719, 8.764900207519531, 8.764461517333984, 8.77596378326416], "reconstruction_loss": [1380.7286376953125, 16.628225326538086, 16.066343307495117, 27.115800857543945, 20.631580352783203, 14.025877952575684, 26.12372589111328, 20.414024353027344, 13.326940536499023, 14.52021598815918, 12.198646545410156, 12.772186279296875, 11.732263565063477, 11.641552925109863, 11.204529762268066, 12.377333641052246, 12.606706619262695, 11.488364219665527, 10.879968643188477, 11.252945899963379, 10.433441162109375, 11.66585636138916, 10.076044082641602, 10.41578483581543, 9.640883445739746, 9.96512508392334, 9.4085693359375, 9.501014709472656, 9.277519226074219, 9.158803939819336, 9.234122276306152, 9.093344688415527, 9.028539657592773, 9.011900901794434, 8.994314193725586, 8.957233428955078, 8.927148818969727, 8.936151504516602, 8.923726081848145, 8.914073944091797, 8.891454696655273, 8.887901306152344, 8.854574203491211, 8.84072208404541, 8.838536262512207, 8.852386474609375, 8.851380348205566, 8.84754467010498, 8.855454444885254, 8.832117080688477, 8.8502836227417, 8.830038070678711, 8.81128215789795, 8.810914993286133, 8.804771423339844, 8.816802024841309, 8.817502975463867, 8.793712615966797, 8.793859481811523, 8.797916412353516, 8.808509826660156, 8.791768074035645, 8.791118621826172, 8.805058479309082, 8.79404354095459, 8.784567832946777, 8.789034843444824, 8.784384727478027, 8.809771537780762, 8.796817779541016, 8.784050941467285, 8.782191276550293, 8.77701473236084, 8.788947105407715, 8.789831161499023, 8.78128433227539, 8.786276817321777, 8.790801048278809, 8.792281150817871, 8.785883903503418, 8.78981876373291, 8.783286094665527, 8.779909133911133, 8.785076141357422, 8.784728050231934, 8.776761054992676, 8.779364585876465, 8.781294822692871, 8.771490097045898, 8.777024269104004, 8.771588325500488, 8.771245002746582, 8.773693084716797, 8.758155822753906, 8.756150245666504, 8.781495094299316, 8.777176856994629, 8.753273010253906, 8.771883010864258, 8.76101303100586, 8.767213821411133, 8.769070625305176, 8.758391380310059, 8.767109870910645, 8.766566276550293, 8.759919166564941, 8.759712219238281, 8.77143669128418], "kl_loss": [131.26722717285156, 13.395732879638672, 10.491218566894531, 23.043514251708984, 15.78399658203125, 7.579206466674805, 18.529096603393555, 22.974830627441406, 7.2859416007995605, 6.768104076385498, 4.790731906890869, 4.710534572601318, 3.4904277324676514, 3.581578254699707, 2.562591314315796, 3.4766204357147217, 4.901000022888184, 3.097862482070923, 2.1480793952941895, 2.1011884212493896, 1.699704885482788, 1.5219871997833252, 1.7289232015609741, 0.8337180018424988, 0.6241682767868042, 0.4619623124599457, 0.35099703073501587, 0.2520809769630432, 0.18909500539302826, 0.15972305834293365, 0.08887884020805359, 0.07377130538225174, 0.07167238742113113, 0.06950776278972626, 0.06736508011817932, 0.06527173519134521, 0.06322125345468521, 0.061246540397405624, 0.05938054993748665, 0.057561539113521576, 0.05571530759334564, 0.053956933319568634, 0.05225180834531784, 0.05064693093299866, 0.04913885518908501, 0.04762636870145798, 0.04615922272205353, 0.04474759101867676, 0.043360982090234756, 0.042030904442071915, 0.040711380541324615, 0.0394207239151001, 0.03816162794828415, 0.036948274821043015, 0.035744499415159225, 0.034586451947689056, 0.03347998857498169, 0.03242997080087662, 0.03138403221964836, 0.030370818451046944, 0.02938384935259819, 0.02843100018799305, 0.027459485456347466, 0.026527224108576775, 0.025645149871706963, 0.024782530963420868, 0.023927079513669014, 0.023098336532711983, 0.022335609421133995, 0.021597610786557198, 0.020852265879511833, 0.02011571079492569, 0.01939539611339569, 0.018678192049264908, 0.017999498173594475, 0.017337700352072716, 0.01671566627919674, 0.01610124297440052, 0.015528938733041286, 0.014966193586587906, 0.014416349120438099, 0.013873289339244366, 0.013342443853616714, 0.01283642090857029, 0.012361197732388973, 0.011893491260707378, 0.01141631044447422, 0.010972834192216396, 0.010537314228713512, 0.010117720812559128, 0.00970476120710373, 0.00931017380207777, 0.008916651830077171, 0.008531017228960991, 0.00816900935024023, 0.00783371552824974, 0.007498775143176317, 0.0071769654750823975, 0.006863808259367943, 0.006558683235198259, 0.006264125928282738, 0.005980363581329584, 0.0057144262827932835, 0.005453059915453196, 0.005214720964431763, 0.004981806967407465, 0.004750122781842947, 0.0045279571786522865]}