{"loss": [1440.5626220703125, 27.992937088012695, 22.202260971069336, 26.08545684814453, 23.37742805480957, 34.635040283203125, 20.596309661865234, 19.615158081054688, 20.588449478149414, 21.763614654541016, 22.67507553100586, 29.351619720458984, 34.718387603759766, 24.980653762817383, 15.599552154541016, 14.659088134765625, 16.07956886291504, 19.468894958496094, 19.59531021118164, 17.20724105834961, 15.769657135009766, 12.640217781066895, 12.50947093963623, 11.998431205749512, 11.499815940856934, 12.457850456237793, 10.782670974731445, 10.478110313415527, 10.472474098205566, 9.969939231872559, 9.940281867980957, 9.963337898254395, 9.618182182312012, 9.475646018981934, 9.408201217651367, 9.299192428588867, 9.338436126708984, 9.15062141418457, 9.140750885009766, 9.092784881591797, 9.161848068237305, 9.065000534057617, 9.056057929992676, 9.031570434570312, 8.99427318572998, 8.98906421661377, 8.979860305786133, 8.95163345336914, 8.939401626586914, 8.92462158203125, 8.915013313293457, 8.921634674072266, 8.890337944030762, 8.909554481506348, 8.87856388092041, 8.86236572265625, 8.869294166564941, 8.87102222442627, 8.854409217834473, 8.85402774810791, 8.860615730285645, 8.868125915527344, 8.862841606140137, 8.860116958618164, 8.839454650878906, 8.849404335021973, 8.846519470214844, 8.834572792053223, 8.838542938232422, 8.832182884216309, 8.81325626373291, 8.83048152923584, 8.815552711486816, 8.828404426574707, 8.813718795776367, 8.813199996948242, 8.817431449890137, 8.810460090637207, 8.822936058044434, 8.816373825073242, 8.802074432373047, 8.804996490478516, 8.801520347595215, 8.795743942260742, 8.804572105407715, 8.804924964904785, 8.780860900878906, 8.783570289611816, 8.78972339630127, 8.782929420471191, 8.784846305847168, 8.794264793395996, 8.780346870422363, 8.770214080810547, 8.778532028198242, 8.788615226745605, 8.781254768371582, 8.790824890136719, 8.784354209899902, 8.766051292419434, 8.777629852294922, 8.771717071533203, 8.781245231628418, 8.768728256225586, 8.770092010498047, 8.760368347167969, 8.762029647827148, 8.775952339172363, 8.766172409057617, 8.762267112731934, 8.785228729248047, 8.775883674621582, 8.765901565551758, 8.768558502197266, 8.770673751831055, 8.76714038848877], "reconstruction_loss": [1277.6148681640625, 14.223891258239746, 13.825166702270508, 15.952744483947754, 14.073742866516113, 17.940719604492188, 14.16152572631836, 13.206683158874512, 14.58218765258789, 13.37612533569336, 13.71591567993164, 17.413774490356445, 19.709341049194336, 14.025129318237305, 11.372118949890137, 11.568111419677734, 12.36825180053711, 15.58649730682373, 11.882678031921387, 14.731242179870605, 11.205763816833496, 10.577991485595703, 11.112885475158691, 10.394611358642578, 10.149042129516602, 11.214116096496582, 9.77400016784668, 9.773161888122559, 9.929465293884277, 9.483062744140625, 9.524137496948242, 9.619524955749512, 9.313136100769043, 9.222052574157715, 9.200029373168945, 9.124027252197266, 9.190069198608398, 9.02391242980957, 9.034442901611328, 8.999604225158691, 9.075702667236328, 8.982994079589844, 8.977851867675781, 8.956284523010254, 8.921523094177246, 8.918471336364746, 8.911216735839844, 8.884942054748535, 8.87467098236084, 8.861791610717773, 8.85403060913086, 8.862500190734863, 8.832993507385254, 8.853920936584473, 8.824629783630371, 8.810093879699707, 8.818666458129883, 8.821999549865723, 8.80696964263916, 8.808093070983887, 8.816164016723633, 8.825146675109863, 8.821266174316406, 8.81989860534668, 8.800602912902832, 8.811906814575195, 8.810307502746582, 8.799600601196289, 8.804780006408691, 8.799570083618164, 8.781798362731934, 8.800182342529297, 8.786354064941406, 8.800267219543457, 8.786587715148926, 8.787077903747559, 8.792292594909668, 8.786275863647461, 8.799691200256348, 8.794026374816895, 8.780583381652832, 8.784363746643066, 8.78169059753418, 8.77669620513916, 8.786320686340332, 8.787430763244629, 8.764066696166992, 8.76748275756836, 8.774316787719727, 8.768180847167969, 8.770730972290039, 8.780762672424316, 8.767426490783691, 8.757852554321289, 8.766714096069336, 8.777329444885254, 8.770463943481445, 8.780513763427734, 8.774502754211426, 8.756634712219238, 8.768646240234375, 8.763160705566406, 8.77309513092041, 8.760944366455078, 8.76266860961914, 8.753291130065918, 8.755292892456055, 8.769545555114746, 8.760085105895996, 8.756485939025879, 8.779730796813965, 8.77065372467041, 8.760932922363281, 8.763840675354004, 8.766194343566895, 8.762892723083496], "kl_loss": [162.94735717773438, 13.769043922424316, 8.377095222473145, 10.132712364196777, 9.30368709564209, 16.694324493408203, 6.434784889221191, 6.408475875854492, 6.00626802444458, 8.387490272521973, 8.959157943725586, 11.93783950805664, 15.009045600891113, 10.955522537231445, 4.227430820465088, 3.0909743309020996, 3.711317300796509, 3.8823964595794678, 7.7126312255859375, 2.4759979248046875, 4.563894748687744, 2.062227487564087, 1.3965864181518555, 1.6038198471069336, 1.3507715463638306, 1.2437365055084229, 1.008668303489685, 0.7049485445022583, 0.5430094599723816, 0.4868764877319336, 0.41614264249801636, 0.3438117802143097, 0.3050451874732971, 0.25359344482421875, 0.20817358791828156, 0.17516489326953888, 0.14836598932743073, 0.12670916318893433, 0.10630609095096588, 0.09317974746227264, 0.08614500612020493, 0.08200804144144058, 0.07820550352334976, 0.07528562843799591, 0.07275056838989258, 0.07059360295534134, 0.06864362210035324, 0.0666925385594368, 0.06473144143819809, 0.06283079087734222, 0.06098185479640961, 0.059133194386959076, 0.05734148621559143, 0.05563221126794815, 0.05393340438604355, 0.05227169021964073, 0.05062733590602875, 0.049022603780031204, 0.047440141439437866, 0.04593494534492493, 0.044452350586652756, 0.04297904297709465, 0.041576042771339417, 0.040219273418188095, 0.03885139524936676, 0.03749918192625046, 0.03621102124452591, 0.03497251495718956, 0.033762261271476746, 0.032612916082143784, 0.03145761415362358, 0.030298445373773575, 0.029197895899415016, 0.028135422617197037, 0.027130046859383583, 0.026124199852347374, 0.02513880655169487, 0.024184050038456917, 0.023246033117175102, 0.0223467368632555, 0.021492203697562218, 0.02063450962305069, 0.01982785575091839, 0.019048703834414482, 0.018250461667776108, 0.017494823783636093, 0.01679418422281742, 0.016088496893644333, 0.01540668960660696, 0.014749248512089252, 0.01411517895758152, 0.013503726571798325, 0.012921548448503017, 0.012362433597445488, 0.011817335151135921, 0.01128533948212862, 0.010791009292006493, 0.010311061516404152, 0.009852249175310135, 0.009416275657713413, 0.008984070271253586, 0.008554605767130852, 0.008149635046720505, 0.007783213164657354, 0.007422843482345343, 0.007075631991028786, 0.0067378380335867405, 0.006405510473996401, 0.006084712687879801, 0.005780873354524374, 0.00549698993563652, 0.005230951122939587, 0.004968890454620123, 0.004717489238828421, 0.004479021765291691, 0.004246023949235678]}